[
  {
    "line": 1,
    "elements": [
      {
        "line": 3,
        "name": "User generates token for Authorisation",
        "description": "",
        "type": "background",
        "keyword": "Background",
        "steps": [
          {
            "result": {
              "duration": 4321603648,
              "status": "passed"
            },
            "line": 4,
            "name": "I am an authorized user",
            "match": {
              "location": "Steps.iAmAnAuthorizedUser()"
            },
            "keyword": "Given "
          }
        ]
      },
      {
        "line": 6,
        "name": "the Authorized user can Add and Remove a book.",
        "description": "",
        "id": "end-to-end-test-for-toolsqa\u0027s-book-store-api;the-authorized-user-can-add-and-remove-a-book.",
        "type": "scenario",
        "keyword": "Scenario",
        "steps": [
          {
            "result": {
              "duration": 1711867414,
              "status": "passed"
            },
            "line": 7,
            "name": "A list of books are available",
            "match": {
              "location": "Steps.listOfBooksAreAvailable()"
            },
            "keyword": "Given "
          },
          {
            "result": {
              "duration": 1537637860,
              "status": "passed"
            },
            "line": 8,
            "name": "I add a book to my reading list",
            "match": {
              "location": "Steps.addBookInList()"
            },
            "keyword": "When "
          },
          {
            "result": {
              "duration": 311882,
              "status": "passed"
            },
            "line": 9,
            "name": "the book is added",
            "match": {
              "location": "Steps.the_book_is_added()"
            },
            "keyword": "Then "
          },
          {
            "result": {
              "duration": 1296955525,
              "status": "passed"
            },
            "line": 10,
            "name": "I remove a book from my reading list",
            "match": {
              "location": "Steps.removeBookFromList()"
            },
            "keyword": "When "
          },
          {
            "result": {
              "duration": 2255193157,
              "status": "passed"
            },
            "line": 11,
            "name": "the book is removed",
            "match": {
              "location": "Steps.the_book_is_removed()"
            },
            "keyword": "Then "
          }
        ]
      }
    ],
    "name": "End to End test for ToolsQA\u0027s book store API",
    "description": "",
    "id": "end-to-end-test-for-toolsqa\u0027s-book-store-api",
    "keyword": "Feature",
    "uri": "End2EndTest.feature"
  }
]